institution,presentation_count
Bruker Spatial Biology,34
UT MD Anderson Cancer Center,28
The University of Texas MD Anderson Cancer Center,17
Bristol Myers Squibb,16
Memorial Sloan Kettering Cancer Center,12
Dana-Farber Cancer Institute,10
Stanford University,9
University of Toronto,9
Columbia University Irving Medical Center,9
UT Health Science Center at San Antonio,9
Japanese Foundation for Cancer Research,8
Wake Forest University School of Medicine,8
Weill Cornell Medicine,8
National Cancer Institute,7
University Hospital Heidelberg,7
